mutant	score
L3S	-0.5
A5E	0.5
A5L	-1.0
K6E	0.0
E15T	1.0
R20L	-1.0
E26H	-1.0
E26I	0.0
E26Q	0.0
E26R	-1.0
E26V	0.0
D30A	0.0
D30E	0.0
D30H	0.0
D30V	-2.0
Q35I	-0.5
Q35L	-2.5
Q35V	-2.5
S41Q	-2.0
S42A	-1.5
A53K	0.0
A53L	1.0
C61P	-0.5
D68H	1.0
D68L	-1.5
D68N	-0.5
E78H	0.0
E78T	-0.5
A81E	-3.0
A81K	1.0
A81N	0.0
A81P	-3.0
A83L	0.5
A83N	-1.0
R86L	-2.0
D87K	-1.0
D87L	0.5
A95H	-0.5
D97K	-0.5
D97N	-1.0
D97R	0.0
D100T	0.0
R101H	0.0
V103I	0.0
V105I	-1.0
V106L	-0.5
G114A	-1.5
E123S	0.0
A129V	-1.0
A133V	0.0
E139H	10.5
E139K	7.5
E139Q	7.5
E139T	9.5
D147H	8.5
D147L	14.0
D147M	15.0
D147Y	14.0
D149K	16.5
D149Q	11.0
Q152L	10.5
A153K	10.0
A153L	0.0
D166K	2.5
D166N	2.0
G176A	0.5
G176N	0.0
S183D	-1.0
A185P	-0.5
A189F	0.5
A189Y	0.5
E192K	3.0
E192L	0.5
E192R	2.5
A197P	1.5
A200P	-0.5
A214G	0.5
A218E	0.0
A218P	0.5
D219Q	-1.0
R225L	0.5
D226K	-0.5
G229A	0.5
G229D	0.5
G229E	0.5
G229H	1.0
G229N	0.5
G229Q	3.0
G229R	0.5
G229S	1.0
G229T	0.5
E233H	0.5
E233Q	0.5
E233S	0.5
E233T	0.5
E244I	-1.0
E244T	-0.5
E244V	-0.5
R254L	-1.5
D255A	0.5
D255K	-0.5
D255Q	-0.5
C257A	-2.5
T264H	-1.0
T264L	-0.5
T264Q	-1.0
A269P	-1.0
Q275P	-3.0
P279A	-3.0
A296H	-1.0
A296R	-0.5
F169V	13.0
Q172K	10.5
Q210N	7.5
V220M	10.0
A247F	16.5
L248F	10.5
L248W	11.0
T249L	11.5
T249M	9.5
T249V	9.0
A271I	9.5
A271V	11.0
